<?xml version="1.0" encoding="UTF-8"?>
<configuration>

    <property name="LOG_PATTERN"
              value="%d{HH:mm:ss.SSS} [%highlight(%-5level)] [%X{correlationId}] %cyan(%logger{36}) - %msg%n"/>

    <appender name="CONSOLE" class="ch.qos.logback.core.ConsoleAppender">
        <encoder class="ch.qos.logback.classic.encoder.PatternLayoutEncoder">
            <pattern>${LOG_PATTERN}</pattern>
            <charset>UTF-8</charset> <!-- SI LO SOPORTA -->
            <outputPatternAsHeader>true</outputPatternAsHeader>
        </encoder>
    </appender>

    <!-- Mostrar DEBUG solo del código -->
    <logger name="com.aug.flightbooking" level="DEBUG"/>

    <!-- Ocultar DEBUG de Spring Boot -->
    <logger name="org.springframework.boot.autoconfigure.logging.ConditionEvaluationReportLogger" level="OFF"/>
    <logger name="org.springframework" level="INFO"/>

    <!-- Ocultar DEBUG de Hibernate -->
    <logger name="org.hibernate.SQL" level="OFF"/>
    <logger name="org.hibernate.type.descriptor.sql" level="OFF"/>
    <logger name="org.hibernate.orm.jdbc.bind" level="OFF"/>
    <logger name="org.hibernate.type.descriptor.sql.BasicBinder" level="OFF"/>

    <!-- Ocultar DEBUG/INFO de Kafka -->
    <logger name="org.apache.kafka" level="WARN"/>
    <logger name="org.apache.kafka.clients.admin.AdminClientConfig" level="OFF"/>

    <!-- Nivel global mínimo -->
    <root level="INFO">
        <appender-ref ref="CONSOLE"/>
    </root>

    <root level="INFO">
        <appender-ref ref="CONSOLE"/>
    </root>
</configuration>
